,description,project_name,image_link,project_link
0,"this is an app that can provide you all the details about any company, more to be added here",StockValuator,algorithmic_trading,https://innovsm-algorithmic-trading-main-m9v237.streamlit.app/
1,"Introducing the innovative Cab Management App, the ultimate solution for efficient and streamlined management of your cab fleet. This cutting-edge application revolutionizes the way you organize and assign drivers to cabs, making the entire process effortless and hassle-free.

With our Cab Management App, you can seamlessly add and manage a comprehensive database of drivers and cabs. Gone are the days of manual record-keeping and complex spreadsheets. Our intuitive and user-friendly interface empowers you to easily add new drivers to the system, complete with their personal information, contact details, and relevant documentation.

Furthermore, our app enables you to register and maintain an extensive fleet of cabs, including vital information such as vehicle type, registration details, and other specifications. Whether you have sedans, SUVs, or minivans, our app can accommodate any type of vehicle in your fleet.


The true power of our Cab Management App lies in its ability to seamlessly assign cabs to drivers. With just a few clicks, you can efficiently allocate cabs based on availability, driver preferences, or any specific requirements. Say goodbye to manual scheduling headaches and let our app handle the logistics for you.


Not only does the app simplify cab allocation, but it also provides real-time updates and notifications to keep you informed of any changes or updates to the cab assignments. This ensures that you always have the most up-to-date information on which driver is using which cab, allowing for optimal fleet management and coordination",Cab Managment System,cab,https://innovsm-cab-managment-app-x5satw.streamlit.app/
